text,label
1849 in moments like that I always try to remember that I am in a learning process like even though I might be doing something I am skilled at or things are starting to look like I should just give up I really try to remind myself that im always learning and it helps me push through DD,positive
As an artist myself pewds you are trying to do everything perfectly dont put that weight on you man  you are doing an amzing job so far,positive
Plzz uploaded gaming video,neutral
thats actually fucking dope bro,neutral
Im glad youre proud because after focusing on something for so long it can be sooo easy to fixate on everything you couldve done better But us seeing this for the first time I think many were wowed Tiny mistakes dont bother others as much as ourselves lol,positive
just came from mine all day i could cry rn,negative
watch me 5 years from now on i will come back at that time i will be an animation director making my own movies or series that i will work on end of this year and i am sure i will find people who will help me company alongside me and move forward together for sure I WILL BECOME A DIRECTORI DEF WILL,positive
Inverted A Passion in the Desert by Honor de Balzac how predictable,positive
"Good job now you have to make an animation based on your manga  

It so inspiring how much you explore in life I am an artist and I always wanted to make my own comic but I still DIDNT  Ive been an artist for like 10 years and i cant find courage to do it it just feels like whats the point if theres so many people that are much more creative and better than me",positive
we have to respect ghat while everyone is turning there ht channals into profitable ai slop and promoting trash to kids he alone the hounerable one is actually making videos worth watching and actually pushing effort,positive
Pewdiepie bhai mr beast 500 Million subscribers complete ho gya haa,neutral
I remember finishing my first I went back so many times to change a page because I didnt like it its refreshing to see someone like you strangling just like we all did It reminds me that all the steps and struggles are just part of the learning process keep it up youre inspiring a new generation of artists and you probably dont even know it,negative
Next video I turned my manga to an anime,neutral
Ngl i missed seeing his gameplay Would love to see him playing RE Requiem,positive
Thank you for always being such an awesome inspiration,positive
guys he draws a bit better than me i need him cancelled NOW,positive
The story was really good,positive
Felix this is just blame,negative
try to add stefano at the background HAHAHA,positive
The mountains are really beautifully done The Tiger is also well drawn in that panel It does give some vibes that Blame does like travelling and you dont where your going But its really mountain drawings that impressed me the most,positive
Is made in Japan and its in Japanese Bro single handedly beat the system People get way to picky about the definition of things If you make a taco in America with the same techniques and ingredients its still a taco,neutral
When are you gonna build your own quantum computer my guy,neutral
I can see the tower dungeon in your art style Its so beautiful,positive
1207 pewds man did you light up the beak you need to burn it a little bit to take it off residuos when you use nankin with residous the ink will be clogued in the middle so light it up the point like a cigarret for 1 or 2 seconds e then you try it on a text paper it will come out smoothly,positive
Dude great job This video was very inspiring,positive
Tuff bro,neutral
It reminds me of Ghibli kinda vibe congratulations to your project pewds ,positive
Pewds still rocking it in life Respect,positive
Felix constantly berating his own artwork is a mood have some confidence,positive
I actually cried about the tigger,negative
I miss the person who once made a banger song named  Btch Lazanya  and played Minecraft and made controversies around the Youtube Community ,positive
Thank you very much for creating Odysseus ,positive
so sick really enjoyed the story nice loopback also in the end pewdiepie anime when D,positive
Some good stuff bro maybe next challenge try to make a doujinshi and sell it at Comiket,positive
I wish he could collab with a professional mangaka and teach him some tips in how to draw manga and give him some clarity,positive
whooaaaaim so invested in the manga you created,positive
Im curious what languages Bjorn is learning as his first languages Just English and Japanese Or is he learning Swedish and Italian too,positive
You are the goat  smooch,neutral
"Next Project painting a huge warhammer mini 3 
love the tigers",positive
Never let them know your next move,neutral
I can see tigers heart but I know hes mean Some light can never be seen,neutral
Please publish this holy crap,negative
Make romance manga please ,positive
That was amazing Reminds me a bit of calvin and hobbes in another universe ,positive
Dog aggressively licking felixs ear 1040,negative
This guys is pretty cool I love watching Indie youtubers,positive
r Bjorn supposed to be Bjrn,neutral
I really like it It is not just pretty I can feel the whole environment clearly Which is really a hard thing to convey,positive
Bruh is so good I has Bernarda drawing by almost 6 years and ley me told you tris is a really good fiesta shoot You used the tones really well and the narrativa is good the trouble probable is that you make it a  little bit to much cinematografic and everything has almost the same narrativa density so thats why it feels off but let me told you something this is amazing,positive
I love how I uncover a personal lesson here Damn this is cool,positive
The story actually made me tear up a little at the end Beautifully done,positive
Gotta watch every episode of Manben bro learn how to from the masters,neutral
The story is very good,positive
the tigers are drawn so well wtf,negative
I would rather create tens of thousands of dream images using AI not wasting time on process of drawing stuff Trillions of study and other things to do in short life words alone can never describe,positive
Never like a video that fast,negative
The reason I draw is because of PewDiePie 2 years ago He inspired me to start drawing,positive
Youre an inspiration to us all Pewds ,positive
we will forever miss our fav minecraft youtuber,positive
pewds i think youre too hard on yourself,negative
What exactly is your channel Is it daily but not daily vlogging,neutral
Pewds you need to play more trap adventure 2,positive
something about a little white baby speaking japanese is just so bizarre,negative
STOP doing things PLEASE,neutral
Do I hear a WIT studio is turning my manga into an anime collab in the near future ,neutral
you can use 3d models or just real life photos to help draw complex shapes such as horses,positive
what is his earphone brand the mic is sick for an earphone ,negative
PLEASE PUBLISH Please,positive
Im freaking blown away he just started learning to draw recently  so awesome pewds,positive
Colorbrushes are my some of my favorite art supplies,positive
This is amazing,positive
12 years later and I am still here watching Love you Pewds keep having an amazing adventure You are always an inspiration 3,positive
My main advice for you manga project is to have another kid,neutral
Your art is really pleasing to look at that includes the water color one,positive
What are we doing gang  This man is supposed to be my photoshop goat,neutral
Way way better than expected,positive
2 decades from now pewdiepie is going to be solving ftl travel because he can,positive
527 Hey guys I think I found a glue,neutral
What i would give to see pewds play bob in tekken 8,positive
This video was amazing learned a lot,positive
remember when he said the N word,neutral
Hello today I saw the protests of Turkish players and I felt really bad for them GTA 6 doesnt support their native language yet they are so excited and havent lost hope they are actively using hashtags and messaging Rockstar to get Turkish language support added to the game Please empathize with the sense of incompleteness that comes from not being able to play a game in your native language and please be a supporter of them,positive
I keep having horrible time with motivation in my life which includes drawing but whenever I see you draw I genuinely want to try again You worked to hard to get where you are now and I think its incredible I love your manga,positive
Father time aint it,neutral
twin please illustrate shounen ai,positive
Blame as the manga bible is right Such a great artist and he has so  much going on with just architecture and simple looking figures And you can watch the mangaka get so much better from volum1 onwards He knew waht he was doing but wasnt such a fantastic artist in volume 1 and 2,negative
Youre not gonna be good at a thing by not doing the thing ,negative
The kitten got me ,neutral
Hey man Ive been drawing for a really long time and doing something like this is incredibly difficult for even me I totally understand your frustrations theyre universal Comicsmanga is really hard But seeing you do it is inspiring and youre really great at it Im actually genuinely impressed Good job Pewdiepie youre a really cool guy stay well brotha,positive
pewdiepie can you tell us the name of the white headphones you were wearing in the beggining,neutral
"526
Borat What athis
Cheese
Aaaand what is athis
Also cheese
Aaah but whats this
Cheese",neutral
"The more times you draw even if it is the same image the better you get However sometimes you need to move to a different image for a while and then go back to the first one
Sometimes switching it up and taking a break helps your mind from getting overloaded and stressing out
Just like writers block you need to write something or draw something different to keep your creative thoughts going You get stuck on one thing longer than you think you need to and then the rest of your work suffers from it Been there done that and still facing it too",positive
Bro all this is really really REALLY inspiring,positive
this is actually impressive,positive
2246 giving me Akira vibes on this shot,positive
2629 what is the reference,neutral
No not the fat tiger,negative
"I drew comic for my collage art class altho I didnt bother with storyline I just took a chapter from pet cemetary and illustrated that even wrote down all the dialog I had around 20 pages  cover
Each page took me 8 to 10 hours in total it was brutal",negative
when blame mangaka interview it would be amazing to see ngl,positive
Whens the anime adaptation,neutral
Brooo This is inspiring Man I missed drawing Aight Ill try grinding again and stop complaining,negative
Pewds was done with the main quest and now grinding on all the possible side quest o7,neutral
Beautiful work Because you go right into full intensity you are living a full life Kudos to you bro,positive
Cant waiting for felix and Bjorn Minecraft playthrough,neutral
"I love how it evokes the same feelings when I played the game Last Guardian and how it pulls out same distance  pace my few favorite mangas Mushi and Blame had 

I love this as is No coloring required",positive
Wow Love you very much You are absolutely awesome my friend,positive
Does this mean he is the most followed artist account now,neutral
Im so amazed by your drawing skills Truly So cool that youre working on your own story it aleady looks great and very intriguing Hats off Really enjoyed this video and pretty unbelievable that you finished it,positive
Wow  it must be nice to just learn whatever you want and spend your time however you want without worrying about the finance too much,positive
The stripes washing away like blood in the water is a very nice picture,positive
That was actually an epic story WOW From Amnesia to THIS,positive
Maybe you should try to incorporate your Mangaka skills with Marzias art skills And create a own genre of Manga,positive
I love the video and the manga looks awesome Id love to see you make an animated video or a flipbook someday I know it takes a lot of time but the end result would be so satisfying,positive
Bro has such a great understanding of visual storytelling and composition You can tell he truly loves and appreciates art,positive
the pacing of the first few pages from the sky zooming in to the boy and walking down from the mountains to the town  reminds me of the starting scene of death stranding 2 ,negative
ive never written a story before did bro forgot about the beastmaster64 saga,neutral
Hey everyone I just dropped my first track and Id love to get some honest feedback on the production,positive
I like to draw too I recommend you to use Artwod now i can really draw Im Telling just so you dont waste to much time on the problems that you have in this video,positive
"And then you go into the boy
First manga and he chose Yaoi",neutral
This is the most stressful thing Ive ever watched in my whole life,negative
Yo pewdiepie i went to your channel and clicked hide user from channel so youll never be able to comment on my videos or posts haha,positive
that story is hot garbage,neutral
THE SILENCE WHEN SHOWED THE ENDING CHILLSSS,neutral
as a long time watcher i am so so happy to witness you find love in art  pursuing and exploring your creativity I had to make a 56 page comic for my final project in art school  i had two months and I feel so seen by this video and your passion please keep making art its so inspiring,positive
"1213 the way that pen nib bent triggered me slightly

The stripes coming off of tiger and into the water was supercool",neutral
the most impressive thing about this video is not reacting when his dog licks the inside of his ear on repeat 1026,positive
I love it The story is so honest and soul filled Im an artist and I find it so cool to see someone elses honest process its suuuuuppeer relatable and inspiring Sometimes you just need to be stubborn ,positive
This is a super admirable project to have finished Great job completing such a monumental task  I thought it was so cool and the tiger has so much life in it I definitely teared up a bit at the ending  the shading was also really well done,positive
Side Quest Become a  Mangaka has started,neutral
That selfreflection on coping mechanism is so relatable Thinking like I dont even give it a try I also constantly face these thoughts and eventually finding myself not trying anything new Very interesting of him to record that in this video it feels like we are just his journal or sth him just sharing everything from his perspective,positive
Despite the boy having no face but I can feel the emotion bc the atmosphere is drawn so damn good About the brush drama I actually really like the way it looks Maybe bc I love the way the texture looks,positive
The pages struggle is like when I wrote a poem and then it suddenly turns into a whole thesis about my existential crisis,negative
Nihei Tsutomu will be one of my favourite mangaka ever First watched Knight of sidonia and jump straight to the manga Then discovering Blame and Aposimz The sense and scale and armor design in his manga are what i enjoyed the most,positive
Felix it all looks great man Dont be overly critical of yourself Im proud of you big dawg,positive
"Looks amazing man Great job taking the time to do the hard work 
Im an anime light novel author and I WISH I had the time and funds to turn it into a Manga 
Dude Im SO coming along for the ride to watch you succeed in your dreams and ambitions ",positive
"This is really cool its quite inspiring 3
Ive been drawing like my whole life sometimes I kinda lose the motivation though and dont draw much but this and all the other drawing vids makes me want to draw something immediately
The skill level growth is amazing too As I said Ive been drawing many years so I see some things here where I see an error or something like I could probably do that a bit better but then theres other stuff its like wow thats better than what I could do and hes got there in such a short amount of time Everyone has their own strengths and weaknesses its really cool to see",positive
People love shitting on him waah waah millionaire waah waah he has time Bruv watching him genuenly enjoy the process of whatever he dicided to dabble in gave me more hope and creative boost than listening to whining of supposedly full time creatives Hes tackling and solving problems looking for ways to overcome whatever issue he encounters its fun its engaging it makes me want to do things man Theres so much hope in watching someone have a hold my beer Imma do it attitude and then commit to doing it despite lacking experience,positive
13M in 5 days Pewds fell off,neutral
1043 i dont think i heard anything he said because look ,neutral
One day I was 13 watching him play amnesia with a girlfriend that speaks little English before I know it hes got an Swedish Italian Japanese son,positive
Remember his prime,neutral
Please scan and upload this its actually so good ,positive
Not pewds completing a breathtaking manga while Ive been doing art since 12 cant finish a single one in one year,negative
Amazing  Love it,positive
I cant even do the horrible drawings im that bad lol,negative
Youre sooo freaking talented,positive
So sick,negative
This dude on the path of unlocking all achievements in real life,neutral
2646 can you PLEASE get this image onto a tshirt or something from tsuki You are right Tigers and Moon are awesome,positive
rich youtubers be doing anything nowadays,positive
Bro how tf is he able to draw manga now,neutral
calvin and hobbes into a manga Nani,neutral
Honestly love when you do anything art related seeing the thought processes reasons behind stuff is so good,positive
this is amazing art the page where the tiger lost its stripes gave me goosebumps,positive
"Lets review the list here Pewdiepie is
1 A gamer
2 A philosopher
3 A comedian
4 A rapper
5 A vlogger
6 A surfer
7 An AI engineer
8 A manga Artist

Come on now",positive
This is how human become insane lol I am so resonant that I cherish every single piece of my works including sketches even I know they are pieces of shit Anyways big congratulations It must be so satisfying to hold a dozen works in hand I like the tiger you drew protagonist to me haha so sad died,positive
Horses are freaking hard to draw Even Leonardo DaVinci struggled with them,negative
we really getting the pewdiepie anime,neutral
Pewds with all this art and coding youve been doing maybe your next project should be something combining the two Ive been working on an art platform called DomoTown the last several years We have a small community and could use someone like you to give it new life,positive
Use screentones,neutral
Idiocracy 2006 zombies chasin speed screaming messi,negative
The hunter still looks like a girl to me but hey thats ok Girls can be antagonists too Cool manga Pewds,positive
Crazy idea but maybe do a manga about a wellknown YouTuber that switched to Arch Linux and,negative
We need u to get mad or some lol their fans are eating yours literally,negative
i miss when u controlled the internet like wtf is era lol i miss the og yt king,negative
The world got weird bro,negative
That was incredibly beautiful I very much enjoyed that Thanks for sharing Pewds I hope you create more,positive
I got emotional with the story It gave me the same feeling I had when I read The Little Prince,positive
There is no greater love than that of Christ who gave his life for us even when we didnt deserve it and although he died he didnt remain in the grave on the third day he rose again conquering death,negative
Despite everything he still wants you and loves you and wants a personal relationship with you  ,positive
You are the man of many skills,neutral
I think there are halftone and other pattern stencils you can use instead of the sticker you have to rub in could try that too and see how you like it then you can just reuse the stencil over and over again I found some on amazon they have cool geometric patternsshapes and dots of varying sizes perspectives and depths Seeing first hand why mangakas take so long to release a chapter lmao Made me think Calvin and Hobbes the manga haha,positive
This feels like me when I decided that I would read an entire book in traditional Chinese starting out I vastly overestimated my vocabulary and everyone said not to start reading a regular book but to work yourself up by starting with simple childrenlevel books and gradually moving on towards more advanced stuff but no I am stubborn so I happilyangrily spend 30 minutes per page cross reading with a dictionary and still going Ill be several years older when I finally get through the whole thing but dammit I started it I learn heaps along the way and Ill get the chance to be proud of myself when its finally finished so I wont listen to the people telling me Im in over my head  Thanks for the inspo Felix,positive
You need to read tower dungeon tsutomo nehie wrote it,neutral
"Tower Dungeon vibes
We know Felix is a Tsutomu Nihei fan",positive
pewds someone will make a fan animation I can alr sense it great work,positive
Dude couldnt handle Sweden and left all suspected WS luv Asians,negative
Tiger is sexy I agree with Marzia,positive
first time being a paper kinda nervous,negative
PewDiePie please keep international roast video with screaming words example fake you Sweet drones,negative
I was just thinking about drawing manga yesterday with the story I have written down before in my notes which I originally planned to turn into just a detective novelplanned out all the chapters too like an outline with details but then algorithm brought me here just now I am halfway down the video and despite all the difficulties he faced and that it takes so much time it still convinced me to buy some materials and try it myself so no backing out now haha ill probably regret halfway down the road because it takes much time but I guess Ill just also keep pushing if anything Ill just go back to writing it as a novel haha,negative
You should name the manga walking,neutral
Just a question why is it that the reading order is left to right  And not right to left like a manga ,positive
Ok now make an updated Draw My Life video,positive
This is so cool,positive
a graphic comic just own it,neutral
Bro that was actually really good and I had chills when the audio cut and you was just turning it was kinda like the feeling of lost,positive
"1821  1905 as real as it gets  also as relatable as it gets

beautiful manga well done",positive
wowzah respecting the grind what a sad ending of the manga tho o amazing idea with tiger stripes floating with river,positive
Wow I love this so much and its mega inspiring thank you I struggle to do my art a lot and I relate a lot to the motivation,positive
Pewds casually flexing on us with his stier art,positive
You deserve an animated movie,neutral
2458 satoru gojo if he was a tiger ,neutral
"Last Guardian reimagination
Cute actually respect for the old way drawing",positive
Bro you are real biggest youtuber ,neutral
pewds def experienced the 5 stages of grief,negative
Pewddadbro can I cosplay your manga pls pls I swear no barrels will be involved,negative
One day pewds will anounce that he will be a manga artist,neutral
eyeface closeups are lacking,neutral
237 True artist speak the black is more blackish I felt that in my soul,positive
"Did I cry at that ending 100 
I just wanted the boy and Tiger to live together forever ",negative
Very Creative,positive
Someone should make a manga about PewDiePie called the viking samurai,neutral
Pewdiepie Im here just to wish you a good life Ive been watching you ever since you started your gaming videos are absolutely amazing and classic I was very sad when you lost against t series but Im happy that you have over 100M subs I wish that you and Jacksepticeye can make another video together you two were one of the greatest gamers of all time and I respect it so I hope you get to read this pewds ,positive
BRO The manga has to be Stephano the origin arc,neutral
I never watched pewdiepie back in the day but its amazing to see how he went from your casual gaming youtuber to achieving great heights living a life of creativity and being someone that inspires others and probably will for generations to come,positive
As someone who is struggling to finish one oneshot and I have 3 chapters of a longer story finished but I dont think Ill continue this one at least not without redoing everything I admire every single one creator who manages to finish a whole story Its not a small achievement at all You should be proud of yourself Pewds And everyone else too,positive
"110 millions subs
barely reaches 1 million views

",neutral
Petition for PewDiePie to make a long manga series,neutral
Ill subscribe to you if you upload a YouTube Short,negative
"I just started drawing a Manga too and my manga club of 13 year olds is making one as a team for a contest in auguste Wish us luck I sent them the vidya as inspo 
inking and splinking",positive
There was no brick that was thrown    IT WAS A BIG BRICK WALL,negative
Bjorn just speaking Japanese caught me off guard thats so awesome,positive
018 bjorn speaking Japanese is surprising I thought he would speak Swedish even though he is living in Japan,positive
Has anyone ever made a manga and included blank speech boxes Like PewDiePie said he wants the reader to interpret the story themselves I think a Manga that lets you make up the dialogue and write it into the story would be awesome,positive
The highlight page can be the part where the tiger loses its stripes with the stripes flowing down the like lake The stripeswaves on the lake is obviously a reference to Pewds theme design Love the contrast on that page,positive
No way he improved so much more than me hes so dedicated on art i love it,positive
1155  horizontal manga Reverse isekai isekai character life in real world Western name in mangaka list would be so cool,positive
2846 no no it was feedback it took you 3 months to finish this when you wanted it to be one you struggled so much with making this so many people stop before they start so many people stop halfway through because its too hard and have self doubts the fact you finished this is good feedback theyre proud of you and you should be too,negative
This is so awesome to see and ur so right u can try anything Making mistakes is part of it and it makes ur life much more surprising ahahah,positive
I absolutely loved your manga and i got a bit teary eyed at the end there Art is so amazing in how it moves people,positive
"If you want smooth ink Use cold press watercolor paper Wet it down and then add ink 
It will spread 
More evenly",positive
I love how i used to watch pewdiepie playthroughs and now hes making content on one of my main hobbies drawing,positive
Im currently pursuing my dream of being a comic and graphic novel creator on the side of the other things and Pewds pursuing being a mangaka is the insipiration I didnt know I needed I have been sooo in the zone with scripting lately but because of an injury Im still easing back into drawing  Sooo excited for both of us and anyone else making their dream comic Its sooo hard to do by oneself I can see why pros have teams of people working on a series ,positive
"ok
Felix draw sexy tiger and Marzia is a furry",positive
Mr Pew watching your journey reignited my passion on drawing again I honestly cheer you on your artdevelopment and Im truly glad I followed you since the old days thank you and have a good one,positive
Does your farts smell like eggs  say poopy in one of your videos if that means yes  if no fart in the camera ,positive
what about writing a light novel ,positive
i miss you man i still remember tbe better days when id watch your videos and the bro fist and stuff man youtube is so bad now,negative
Evola ride the tiger inspiration,positive
"
Its truly impressive that youre drawing using traditional analog methods  I dont think anyone would blame you for using digital tools though At the very least it should be fine to use a copier if the background is the same",positive
This was actually deep and profound for how I interpreted it personally also healing Thanks for the adventure,positive
If you start writing a story and dont cut out anything you will write a berserk and die befire you finish it haha haha,positive
for your first manga make a 20 page oneshot,neutral
ngl i want a pewdiepie art piece even if its a sketch,positive
Reminder that we need to have a job or you will go mad,negative
Super cool and inspiring Ive been toying around with getting back into comics lately as I have never finished anything more than 5 pages To redraw all the pages and panels TRADITIONALLY Your dedication is evident and the final result is very beautiful  ,positive
Bro won in life a good lesson to billions of people but that was the weirdest and controversial ending,negative
The fact that Bjorn is already speaking japanese ,neutral
Bros author name gonna be Pewdiepie for real,neutral
2612 That is most definitely a sexy tiger,positive
the art style is great,positive
You know I bet youd enjoy reading Mere Christianity by CS Lewis Its very interesting how it gets progressively more and more philosophically dense as you read through it Reminds me of the stoics in many regards,positive
2749 mf that death hurt man,negative
great art youre so dedicated and always getting better,positive
bro rich and bored and im poor and bored,negative
at this point felix just unlocking a new skill tree every year,neutral
its like his redemption arc but it feels like its not earned but got approved and accepted anyways,positive
bros content was genuinely always so ahh,neutral
bro the art is nice but the im not really getting the story tiger cool tho,positive
"Im an author

Crisis Broad will remember that",negative
Will you sell it on comiket,neutral
Go back to ur legacy WE been waiting for u,neutral
it looks freaking amazing,positive
You need to draw effect lines,neutral
Bridge,neutral
"As long as I dont look at anyone elses work I feel pretty good about it
Universal artist reaction lol

In all seriousness I love your lineart style Felix Happy to see you drawing again",positive
love how this is slowly becoming an art channel lmao,positive
Just drawing the same tiger consistently makes him incredible,neutral
One of the arcs of Shirobako is about drawing horses how hard is it and how they bring an old timer to do it and Pewds just draw 3 on his 1st manga,negative
I think the characters looking androgynous is very creative even if not intentionally ,positive
Id buy it for my future kids to read,neutral
The tigers pretty lit i like the art,positive
You know what it actually looks nice at the time minutes of 425,positive
I grew up watching your videos even though you dont post daily anymore when you do the substance is so amazing Ive always loved the content but your newer stuff is top tier,positive
You really inspired me Felix Thanks for sharing your great work and your art Its amazing You reminded just how beautiful tigers are ,positive
About time I started drawing again,neutral
I like the results,positive
No Pewds You will cause another meltdown on X of artists who cry that you are a better artist then them cause you are rich Not cause you enjoy doing itWankers,negative
I know its already inked and all but during the chase sequence I think a few shots of the tiger with its mouth closed instead might look better I noticed it was open in almost all its scene xD,positive
Can someone get a another phone to update iPhone 17 pro max,neutral
I love that the story is practically nonexistent  no but in all seriousness I beg you to read Tatsuki Fujimoto 1726 its a collection of the Chainsawman authors early work short stories he published in his late teens and early 20s you can really learn the most from that,positive
At a certain level you shouldnt call yourself an amateur,positive
Pewds is the MC of our world,neutral
You are the inspiration bro,positive
The best Manga are the horror stories  I have a GREAT idea and I asked several people and they told me to write it sad to say I cant write a script to save my life  My idea would make a pretty AMAZING movie better than the woke remakes Hollywoke has spewed out I am just looking for someone who would be interested  I am looking for a Japanese Anime writer who would be interested  If you know any Japanese MangaAnime writers who would be interested pass my name onto them,positive
I love how this guy is literally just me and my boyfriend mashed into one person my boyfriend for the tech stuff me for the art stuff,positive
Love your art skills Have you ever thought about writing a Manga series,positive
Wish i could join you i have so many ideas Dont give up pewds,positive
imagine his next project Making an anime,neutral
Day 5 of waiting for the manga to drop,negative
Thats so amazing god So cool,positive
Your video has inspired me to draw my own short comic Its gonna be 45 panels so a lot less ambitious  Good luck on our endeavors good sir,positive
As some of the Japanese comments suggest in Japan it us easy to selfpublish as doujin if you want printed copies they even do small print runs Or you could submit to a manga contest often found in the back of manga magazines Even if you do not win anything youll get your pages back with commentary from a manga editor,neutral
Also if you like BLAME try to find and read VITOK  it strongly reminded me of Tsutomu Nihei Unfortunately there arent many fans  hopefully that will change,negative
Thanks to this video I hope people will start to appreciate the work of manga artists and comics more,positive
Cutie pie I love you videos when I was a kid and people see your kids and I love your videos so much and I hope you have a great wife,positive
so you drew happy weels but the ride is a tigerthen tragedy and the river gets the official pewdiepie patternthen a pug is sitting on the boys shoulder,negative
Damn thats cool,negative
"Its so hard I have a lot of breakdowns Ill never be that good It does feel that way when you start big art projects like a manga Some pro artists have more fun drawing smaller projects first like silly fun comics And then work up to bigger projects Its impressive that pewds can pull through but there are healthier ways to achieve drawing your manga without having to torture yourself and avoid burnout Focus on drawing a part of your manga everyday and the rest of the Manga will reveal itself over time  Also I dont think I noticed any manga tutorial books in your video The manga artists are really good inspiration but there are some good ones out there that can help you understand the fundementals

Edit I probably commented to early before finishing the video",positive
Typa shit Calvin would imagine on the playground,negative
man holy heck this is so good TT,positive
Since when did he draw like Aposimz era Tsutomu Nihei thats crazy holy shit,negative
Have you tried making a model kit Felix Like a custom painted Swedish tank from Tamiya in your pattern,positive
THATS IT we neeed a part two where the hunter is HUNTED,neutral
I know your proud of your work but you hold yourself to a high standard with the idols you have what you drew is GREAT,positive
felix i was deeply moved by this short story i noticed a lot of details that suggest certain things but never confirm the tiger releasing its wilderness or stripes into the river where the boy steps its a limit between wild world and the human order  its an awesome storytelling choice i wish i could get more of the boy and the tiger and this world but i know its probably over thanks for making this,positive
Calvin and Hobbs,neutral
just plug the vpn,neutral
Dont get hung up on things like is the ink black enough that can be fixed digitally by adjusting levels Focus on the story,positive
bro started 2 years ago and hes already better than me,positive
You should go to Spilled Ink,neutral
Be kind to yourself You dont become good overnight It takes a lot of trial and error to achieve greatness What you are doing is inspiring Keep up the good work,negative
"2455 I think the tiger needs a stronger brow bone to give it an angrier look It looks a little soft to my perspective 

This is INCREDIBLE Pewds Youre always an inspiration to me to keep creating even when I feel down about it",positive
The frames are similar for example in terms of angles and object size,neutral
The tiger looks very good,positive
I love that instead of milking his channel until the end of eternity he uses it as an outlet to be creative and try new things in life that look fun I feel the same way,positive
Bro try make game bro nexr with defold,neutral
2454 i agree with marzia The tiger does look sexy ,positive
Honestly your art is beautiful love the style Huge respect for pushing through and finishing it we always tend to be the harshest with our selves Looking forward for another manga attempt  Amazing job,positive
Thats really cool thanks for sharing bro,positive
"Chill bro you are really good
Youre not an artist if you dont hate your own work",positive
Amazing You know Im the same wayI always take my time before starting anything especially when coding But its so worth it Once the app goes into production debugging is easier maintenance is a breeze and all that upfront work pays back on every new project because I can reuse patterns architecture error handling the whole package I may be slower at the start but after that everything runs like a dream,positive
"On the note of finishing pieces one of my friends always said its like XP in a video game You get way more experience for finishing the level completing an artwork than you do for defeating a few enemies starting a bunch of pieces and never finishing them Its a dumb analogy but it really stuck with me

Honestly I think its true You improve way faster by finishing a bunch of smaller pieces than by having a folder full of giant unfinished projects The act of pushing a piece all the way to the end is where a lot of the learning happens and it clearly shows in how quickly you have grown your art",positive
Come back here when PewDiePie has his own anime,neutral
Did bro just rip off Calvin and Hobbs ,neutral
Speaking of art please play meccha cameleon please pewdiepie please,positive
Hire this man,neutral
YESYESYESYESYES u have made many artist very happy and proud was drawing along to this It would be awesome if you ever did drawing streams as a commission artist watching your art videos has been so fun you have come so far,positive
OMGthe story is so touching,neutral
Hey man you might not read this but here it goes anyways Im 38 almost 39 years old guy that has a wife an a 8 years old son So I think were pretty much from the same generation Ive followed you since 2012 more or less I somewhat felt like I envied you because you can do all this stuff that I always wanted to do but always had to put down or postpone indefinitely because I didnt have the time or whatever reason  however this video hit something different and I noticed you and I have something in common throughout the video you like criticized yourself or I noticed that you had your doubts or concerns but you kept forward you kept at it you had lows and ups but you kept pressing forward and you finished it You finished your own manga and thats no small feat considering you have a wife and a son and I guess a lot of other things to do but you kept pushing for something you wanted to do and I felt really happy for you by the end when you read your finished product And I could sense all the love and effort you put on and that got me thinking Theres always a phrase my wife tells me Better done than perfect You dont need it to be perfect you need it to be done So congratulations man You did really well and you should be proud of what you made I will try to do as well,positive
any animators here please animate this masterpiece,positive
Omg that are beautiful sketches ,positive
That was nice,positive
Im gonna say this now and I might be wrong Bro might have an anime series one day,negative
Man I love tower dungeon,positive
you should try reading Kaiji you would love it,positive
Worst base for being a professional illustrator is trying to maintain a work life balance,negative
Can the Tiger close his mouth lol i love this,positive
Wait why is it actually so incredibly good ,positive
We animate it next ryt,neutral
pewds leaking us to interepret the ending was diabolical ,neutral
The quest for cultural appropriation isnt over I see,neutral
So cool,positive
why did you do the Tiger like that,positive
Bro is literally GOAT of everything I enjoyed your story it captures emotionLooks cool asf  welldone felix ,positive
"And just as you think the story ends the hunter shows up out of nowhere and just kills the tiger
Very cool twist",positive
2755 this was so sad but incredibly beautiful,positive
Im just gonna draw twice and fuck up the first one on purpose PewDiePie,negative
i have 3 inspirational Manga Artist Inoue Boichi and also Junji ito i try to mix those art style and get my own hahaha,positive
Really happy for bro but watching him lately has become just a painful reminder of how bad my life has been going,negative
I got so emotional twas a tiger in the beginning but as it bled out its prints it just became a cat in the end so profound,positive
The Boy saving the Tiger by throwing himself in the way earned the Tigers eternal trust The hunter had no choice but to respect it and left the Tiger and the Boy alone They continue to have adventures to this very day,positive
Atleast felix is not down the rabbit hole of digital drawing ,neutral
This is so good omg,positive
it looked so well done I thought it was published as a one shot manga,positive
He is INSANELY talented Love the tiger ,positive
That was a great bedtime story The market for children bedtime manga is all yours dude,positive
cool i like the idea and the story and art you have a very good sense of directing but i will say you need to study the pacing and paneling overall great effort,positive
"I wanna remind anyone who sees this even the most famous manga have some janky ass frames sometimes characters be looking wild from one close up to another and other times it looks better But the mangaka still published and the story gets loved You ever read the first volume of attack on titan Some of those shots are insanely goofy

All this to say its good to put out good work but dont let yourself get stuck on the details and perfecting every frame sometimes its better to just get it done and get your story out there",positive
So many YouTubers put out mangas nowadays and they hire artists to do everything Pewdiepie actually drew his own like a mega chad Huge respect,positive
uhm holy shit,negative
"Broooo I am so jelly that you have access to all the tone papers So exciting 

Good for you Pewds keep on drawing Keep going If theres a good story you can forgive the art XD you know what I mean 333 so dont wait for perfectionism or you will never start 

Im rooting for you

One punch man is good inspiration for just getting in there and doing it",positive
The hunter could be a girl I think its even cooler if its a girl,neutral
just throw your manga at your gpus i promise it will be epic D,positive
Its hard in the Start and i promise next time you do that its gonna so relaxing and enjoyfull activity,positive
When you showed the initial storyboard my immediate impression was that how it reminded me of Niheis Tower Dungeon Then midway through you mentioned your inspiration and it clicked Thank you again for sharing this,positive
AINT NO WAY,positive
1052 even bro was shocked in the background,negative
Just a tip the screen tones are typically adhered then cut and the excess returned to the original sheet You just cant have a heavy hand while cutting,negative
"When I first read BLAME I would listen to a playlist of orchestal music and every so often the playlist would end during an intense scene and I would be so immersed I couldnt stop reading to restart it

When the video went silent it captured those feelings all over again The lack of dialogue the heavy emotions and the silence

Felix I think youve done a great job of replicating the feeling of BLAME and you should be proud ",positive
Hire a professional artist and others to make your manga even faster Also you did write a story back then right About your book This Book Loves You,positive
we all know bjorn drew that while you were making the video on odysseus,neutral
Damn this is a piece of art The story and style hit so hard I cant stop thinking about the final scene of reflection and who the little companion may be on his shoulder such a great choice to leave it up to interpretation Very inspiring to go out and try something new you may not be prepared for,positive
i got  decent specs i would use odysius i use deepseek though idk if theres any comparable self hosting models that are even near it ngl,negative
Include Maya and Sven haha,positive
The tiger never closed it mouth once,neutral
Im glad he used the traditional medium over the digital one Its more fun to watch and the organic and unique look drawing and inking something traditionally brings to the table,positive
You are an idol I do hope you continue to remember how large of a figure you are and Id hope you live with immense pride,positive
Wow Bjorn has grown up so quickly time flys by so fat,positive
The legend returns,neutral
Dude learned to draw last year and now hes making a manga ,neutral
every shot his hair has moved to a different wacky position ive noticed,neutral
Its kinda weird but I never watched pewdiepie when he was number 1 but ever since he moved to Japan hes been one of my favorites,positive
Momo is getting fluffly I love it,positive
That was legit sad  that fact something actually made me sad means cow needs to be published,negative
138 we get it you have a life,neutral
Pews drawing is insanely good bro can do animation on his own at this point if he wanted to,positive
This is genuinely peak,neutral
This is just Calvin and Hobbes,neutral
"YES Hello Fellow Storyman Manga artist   D 
huehuehue are those panels going on the Chapter Shirts too Thank you for the 8 from the first batch ",positive
"2820 Im not into manga or anime but Ive always appreciated the art form this ending was actually awesome and hit me 

Really inspiring on a bunch of levels I actually would love to buy",positive
I just hope he keeps developing this side of mangaka for long time and some day hes publishing his masterpiece,positive
Main character basically just met Griffith,neutral
Plzzzz make it read the normal way for mangaaaaa plzzzz,neutral
Loved your manga,positive
Will get your manga published I would love a copy And Im sure others will as well Your art style is amazing dont let anyone tell you otherwise,positive
I dont know why I was surprised when Bjorn spoke Japanese Of course he speaks Japanese he was born there,positive
I would buy the Manga,neutral
The shot of the tigers stripes going into the water is immaculate,neutral
This is so increadibly inspiring,positive
Bro should just get a device to where he can draw so he doesnt have to buy so much paper but hes a bajillionaire so what do I care,positive
somehow I got the vibe of shadow of colossus and ico from pewds manga,neutral
Youre an inspiration Felix keep it up,positive
Imagine a bro fist manga thats cool,positive
no more meme reviews or LWAY or pwediepie tuber simulator now I miss those days,negative
The side quests this man is on its beautiful Perhaps its not a sidequest but a whole new one,positive
Plot twist the hunter is the boys FATHERRRRRR,neutral
"bro made a peak masterpiece manga and said  I wont publish it 
comon it is SO GOOD youre really talented publish it please",positive
Japan vs Sweden game is on right now,neutral
"Damn my mental space isnt too great today so that ending got to me a bit However despite that this is a beautiful piece of art There are many ways to interpret this piece and many ways people can find ways to relate in their own lives I dont think the story matters all that much its the feelings you get living through the little boy the tiger the hunter and the moon 

Bravo Pewds An artists work is never finished never perfect but you got a A in the feels department for sure And thats what true art does it captures feelings",positive
A  Yoshihiro Togashi in the making,neutral
Are you not coming to the USA to watch and support Sweden and Japan,positive
this was truly amazing and I want more now,positive
No i understand why its so difficult for manga artists to meet their monthly deadlines let alone those who do weekly issues Man ive always respected mangakas but now i respect the craft even more seeing the actual process and thinking behind it,positive
I learned a lot on mangas when I watched the anime called bakuman ,neutral
every time I try to draw a kid it either comes out as just a 60 sized adult or a super chibi character That somehow sometimes still looks like an adult,positive
Are the kids going to be TriLingual,neutral
I can tell this is about the loss of a loved animal I loved it,positive
Bro is taking quality video over quantity to whole new level,neutral
    hey you its me Erick you inspired my younger years Peace love and happiness to you and your life,positive
Bro is using his wealth to raise a good family and continue to learn new skills and then apply them by creating new thingsthis is the way,positive
This manga reminded me off game called The Last Guardian really nice i like it made me little sad,positive
I would argue you HAVE to like your own story,neutral
The dots are called duotone Old comic shorthand for producing texture and shade,neutral
This tiger and boy reminds me of Atsushi and his ability from Bungo Stray Dogs,positive
the tiger looks Asian ngl,neutral
Now turn it into an anime,neutral
viyaura made fanart for your manga pewdiepie and your manga is amazing by the way,positive
Please make a happy wheels manga,positive
the hunter is a woman,neutral
I remember way back when you first talked about Blame on your channel Finally read it a few years ago and it changed my life There arent many interviews with Tsutomu Nihei You should reach out and try to do an interview with him and talk about his new fantasy manga Tower Dungeon Its pretty underrated like all his stuff XD,positive
i love pewds but my gaydar goes off so hard looking at him im sorry,neutral
Japan vs sweden which will pewds support lmao,positive
"I was gonna comment you can smell the Tsutomu Nihei influence
but then bro just literally pulls out BLAME and APOSIMZ",negative
can tell how heavily its inspired by niheis new artstyle specifically tower dungeon even had yuva in the storyboards,positive
what ever happened to that book club in 2025,neutral
you are your own worst critic youre doing a great job watching your art journey is so inspiring your art keeps getting better and better ,positive
I need to be like this man,positive
"Hey bro When you said I have to draw for at least six years to be a master that kinda
 resonated with me Ive been drawing for at least 14 years and studied art for 4 years And still I have that thought of this much time till Ill be a master and I kinda learned that this thought always stays with you The progress that one imagines is a lot faster than reality The thought of what you should be or could be like in the next years can negatively affect on your perspective with how far you have come For you to take on the challenge to make a manga is a big deal and you can be very proud of what you created You are not a master compared to someone else maybe But you are the best that you can do right now Basically speaking You have mastered yourself",positive
"Wow that unexpectedly hit me hard
I feel like the idea is so individually obvious to anyone everyone sees the exact thing they got touched by one day its so worldwide and uniting to me
This is truly a unique piece
And i get that such massive youtuber has to chuckle at their own work not to get harsh critique but the drawing is sooooo good
The use of all the tools and the tones is so beautiful it makes it so whole
I feel like that could be too personal for me to share such deep and intimate peice as such story 
I just want to thank you for the bravery and the true spirit of art 
Stay safe and creative everyone",positive
Speaking to the earth speaking to the winds knowing spiritual things and using them outside of Christ Jesus is going to get you in trouble it is spiritual thievery and it is written in scripture all thieves will pay back sevenfold partnering with spiritual beings will lead you into eternal hellfire repent and turn to Jesus Christ for your soul is in the spirit realms is in danger but on earth the illusion is that it shines like gold Turn to GOD and he will forgive you of your sins sins of spiritual theft misuse of dominion outside of Christ and rebellion God be praised All glory to Jesus Christ,positive
Here to help this small manga creator,positive
That was great,positive
Welcome back Calvin and Hobbes,positive
"ah the process of regret no longer regretting because art pretty and then regret next wave of the trust the process 

i hate inkinglinework and so now i use what my friends call my psychosis lines chicken scratch but spicy because i have schizophrenia",negative
Kind of reminds me of the game the Last Guardian,neutral
if that kitty was the reincarnation then maybe I can tell myself it was a happy ending ,positive
Making a story and manga is no joke I have one in my head based on the mascot I created based on my online name and it is pretty awesome I think but so daunting where to even begin when you work a 95 and are a dad and stream going on the side lol and that is just one the other is a novel about the greatest redemption how ever its a touchy subject but such a good one I hope to bring it to life one day,positive
"As someone also working on their first graphic novel comics for me not manga its really comforting to see someone else also go through a lot of the same issues I did I wasnt nearly as ambitious as pewds I foresaw the amount of work and deiced to make a short 810 page comic Still I had that same moment of realization where you think Wow this is WAY more work than I expected
Still got to keep sticking it out until its complete",positive
Hunter goes for the kill the complete fukin silence ,negative
Damn thats actually brutal,negative
Pewds please make another skin with DBRAND before u retire,positive
1945 apparently horses are one of the hardest things to drawanimate Thats why the James Baxter horse from adventure time was an episode It was for the animator to flex lol,positive
Pewds I wish you were the older brother I never had,positive
Looks more interesting than any of these constant webcomics of romance ngl,positive
I smiled so hard once he got on the tiger and gasped at the end captivating Great Job Pewds,positive
what was I thINKING,neutral
Hey guys this artist is someone Im a huge fan of and he has a lot of great songs His name is Phil Smooth If you like melodic trap youll definitely enjoy his music,positive
Jazza and Pewds collab please,positive
Incredible,neutral
he wasnt joking about Blame being his favorite manga i can see the art style,positive
This reminds me of Calvin and Hobbs I really love the storytelling,positive
"That Sekaido supply store must have pewds as a regular customer now and i bet the clerk must know hes drawing manga from the amount of paper he buys

Also Congrats on your attempt pewds you should really focus on writing a small story before you draw its more difficult to draw then write a story than the other way around",positive
as someone who has drawn their whole life Im so proud of pewds keep going on your art story 3,positive
his art style reminds me of blame and tower dungeon by tsutomu Nihei,negative
"Hey Pewds I was just thinking as I watched through your final manga that the most impressive thing from this is that you finished it just like that artist said to you Creative work really is about finishing the thing and moving on because each time you do you grow in a way that it is hard to perceive right away but that is always the key To finish and move on

I work in animation with storyboard and writting and here are my technical thoughts on it if it interests you Your drawings are super good and love your wide shots You could make use of the rule of thirdsless centered focus for a next one as that could bring a bit of variety and push the feeling you want to express especially when you do something purely visual no dialogue as this In terms of writing and the story your instinct to cut things is absolutely right  the best stories are told with a lot of subtext and implications rather than showing everything except for specific moments that deserve extra attention The ending felt like it needed that but some of the first few shots couldve been cut like you said

Its up to you if you want to take or leave my feedback but the last thing Id say from creator to creator is always listen to your gut Sometimes you cant explain it but that is part of the magic in art a lot of it is made by feeling what you should or should not do Again impressive work overall and especially that you push through it all and finished it I hope you take time to rest but then continue with your next artistic adventure because you obviously feel joy from it and have an artistic spirit",positive
I knew it was going to be Blame inspired,positive
Why is he losing subs,negative
I enjoyed this vid so much please share some more of  your art This is actually amazing,positive
"New task unlock learn to draw manga like a pro in 1 year
Further side Quest As isayama has a backpain he would need an assistant to complete succession arc Help him complete it Note follow isayamas instruction properly",positive
Sumatran tiger is my soul animal while this one looks more bengal that adventure struck a deep chord Especially when you went quiet I just started to cry The little kitty really got me I dont expect to own this kind of story but it would be a treasure for anyone to behold Thank you for sharing,positive
Why am I crying  that was beautiful,positive
Hey man you will never see my comment unless people like it but I think with your fountain pen you can just hold a lighter to the end and then it should write again  Nothing online would explain that to me and I just happened to hear it in passing  Manga drawers and the modern medievals of course like their secrets,positive
Ngl I was doing other things throughout the video but once it was time to see the final product i was SAT You did amazing Cant wait to see what else you come up with pews,positive
I think its beautiful ,positive
Pewds is the example of what to do with your time in a healthy way when youre rich,positive
This video proves Pewdiepie is the Ultimate Youtuber This is a randomly new created account on a fresh computer And the algorithm decided to push this video,positive
Nice story  I enjoyed watching you flip through the final result Congratulations on completing this project and God bless your efforts in Jesus name ,positive
Rich people problems,positive
No comments about the audio dying at 2147,negative
when bjorn decides to be a youtuber like his dad showing the internet the stuff he likes in all 4 languages bro id be in my 50s and thats crazy to think about,positive
Imagine comeback PewDiePie Jacksepticeye Markiplier Moistr1tical Cinnamontoastken Dave Corpsehusband and maybe Gab and Marzia Just like in the first among usParty Animals era Playing Meccha Chameleon I said imagine  Twas the first time Ive heard of Corpse too,negative
Wait did the boy already know about the tiger before he went to the town,neutral
as an artist this video is both so funny and relatable like that creationinduced process of frustration is unlike any other storm you gotta walk through it brews so slowly and tips over in bursts of emotions gaaaaaaah you just scream internally and externally but its natural cos thats your sanity ,positive
Shadow of the Colossus manga ,neutral
The manga turned out beautifully you should really consider making a digital pdf for people to purchase I know I would buy it,positive
Have you read the manga Bakuman Brilliant stuff about drawing a manga and getting it published learning stuff in every volume ,positive
1838 You broke through this coping mechanism Kudos ,positive
10 years ago you wouldnt convince me this man would invoke so much whimsy and joy,positive
Youre not Asian Felix,neutral
I think this is incredible,neutral
I hope your son never see the youth You will mourn him soon,neutral
ur starting to look like arthur morgan,positive
The shadows dont make sense in the manga,neutral
Thats amazing PewDiePie I loved it I actually felt sad by the end but found it beautiful,positive
"1402  he was doing this cz he was happy


2044 You need to try things in order to learn You need to fail in order to learn",positive
Whoa i thought u said Nga Again,neutral
That ending made me tear up Good work,positive
Can we please have a copy Like a scanned one I feel like that manga was good enough for distribution,positive
"y u so evil     
that tiger deserved to live     
Im devastated   ",negative
449 pugs are honestly one of the cutest if not THE cutest dog to exist i love my pug so fricking much and yours look exactly as mine,positive
Thanks bro I needed this Working on my manga Two years will be here before i know it,positive
Lots of bowls felix,neutral
2337 reminds me of sole society,neutral
Your concept reminds me of Team Icos games I cant think of anyone else other than Fumito Ueda whos going for this vibe,neutral
So cool,positive
how is bro still at 110m subs,neutral
So cool Bjorn is gonna be trilingual being able to speak Japanese English and Swedish from his dad pewds and Italian from his mom Marzia,positive
Next draw an anime,neutral
"as a professional artist its so funny to watch this cause like him having the realization that drawing with an objective is not just fun and games it is actually stressing and you get tired and crazy and kida AAAAAA you know i feel like im watching a canon formative moment lmaoo
love him for developing his drawing skills so much tho",positive
Bro is literally living my dream ,positive
Artist here no Mangaka  your compositions are reaaally solid mate and I love those pretty confident lines Honestly impressive work for a beginner draftsman,positive
Your manga is stunning and the story is beautiful Keep going with all your projects You are a great inspiration ,positive
Sell the manga,neutral
yes very awesome,positive
The story and art was amazing for your very first attempt I would be so proud of this being the foundation of your manga journey,positive
My problem is abundance of skill but absolutely void of desire,positive
1253 how is this brush called I want to try to find it online D,positive
The story world is trach,neutral
Love from Norway,positive
bro it is sick,negative
05 it is actually hard  w  tho that manga  is sick bro,negative
It almost like Tower Dungeon,positive
Next level truly,positive
Reminded me of the Mountain by the Gorillaz 3,neutral
The panel where the tigers stripes are leaking into the water made me tear up Ill be honest,positive
Appreciate you putting yourself out there and just going with it Even tho of course its always terrifying to create something and have others judge it especially with such a big platform youve got Bravo,neutral
You know Manga artist has worked themselves to hospitals or to death right ,negative
I am so here for this,neutral
Can i ask why there is a cat on the boys shoulder at the end of the manga Is it a tigers spirit LOVED IT BTW,positive
grown adult man discovers every succesful comicmanga artists is either incredibly autistic and obsessive or spent 4 years in art school,negative
now make an anime from the manga u made,neutral
Bro just loves BLAME so much that he removed speech from own manga,positive
Nobodies critiques mean sht pewds dont worry about it and keep working on it,positive
anything but learning the language huh,neutral
One Punch Man manga is one of the best too,positive
MY FAV CHILDHOOD RACIST YOUTUBER  WHO MADE RACIST JOKES ON INDIA LOOK COOL,negative
Bjorn is honorary Japanese,positive
Bro living his best live love to see that,positive
Im really amazed and proud of how Pewds improves his drawings Unlike me drawing since I was a kid but still the same,positive
This is amazing good job ,positive
im just glad he is happy To pass down the throne and pursue yourself and grow is gonna be the happiest time of your life Well deserved 3,positive
I wish i could buy this,positive
if you had told 13 year old me that pewdiepie would set on a path to becoming a mangaka i would have laughed,positive
look at the first one punch man draft one punch man one you think it was drawed by a 5 year old Keep it up pewds Even the best mangaka started somewhere,positive
Congratulations bro,positive
Why such a doom ending for the tiger ,negative
This was great idea thank you pewds,positive
Holy shit bro cooked,negative
Great job Felix well put them right up on the fridge,positive
PewDiePie already making a manga what is my excuse aAAAAHHHHHHH,positive
Bro your dog was licking its ass 1 min before it was licking your ear so gross,negative
I just started planning my own graphic novel last month and im just past the research about art supplies and im VERY jealous about all the screen tones and deleter paper theyre insanely expensive in europe so ive just decided to go digital this time,negative
the panel with the tiger stripes becoming ink in the water is an honestly iconic and unique visual,positive
Somehow i could really picture him on an episode of spilled ink with emily and daidus lol,positive
bro got bored from AI,negative
bjorn will fluent in english and japanese and know a little bit swedish and italian,neutral
Wow that was great ,positive
man everytime I see a video like this by pewds I feel like Im missing so much in life like how one get the discipline to things they want to get good at regardless happy to see your progress,positive
Felixs art is very similar to Tsutomu Niheis and it makes sense since he did day he likes Blame,positive
This man is living his best life,positive
Somebody please animate this,positive
That made me tear up what the hell,negative
That hit hard I get why you muted Good shit bro,negative
yo me and pewdiepie are making a manga at the same time,neutral
This art style is something like Tsutomu Nihei who is famous for Knights of Sidnia I love it,positive
It unironically looks so good The line economy composition and flow The tiger itself Im so impressed every time I see Pewdiepies art,positive
Whats next Make an MMORPG Go to space Run for president We will never know,neutral
Turned out soooo good Would love to have this in my collection ,positive
This is beautiful Felix your story and drawings are so nice Thank you so much for sharing the drafts and the process Very touching story I agree with mazia that tiger has no business looking sexy like that ,positive
Bjorn going to be a voice actor,neutral
Wait why tf is it actually so good,positive
This was so much fun to watch pewds  your art looks dope so much progress in this small amount of time,positive
That was amazing We are all our own worst critics so were going to see the little mistakes in our art even if it looks great I get being a perfectionist with art when you have a set vision and its not exactly how it is in your mind but that story and the art was so creative and cool,positive
bro went silent for us to analyze it,neutral
In case you forgot this man is the goat,neutral
It feels like a fever dream I love it,positive
Bro better start his own studio ,positive
As a graphic designer who made a moving manga which is a manga that has tiny animations and its online I knew he would branch into manga cause he wanted to be a graphic designer waaay back thats why he had Photoshop lessons and a channel in the very beginning its a full circle moment and I love to witness that  also Felix Im a graphic designer because of you so thank you bro,positive
Inspirational working on a hobby also thanks for this,positive
When you can see all the flaws in what you are doing I think that usually means you are doing way better than you realize and you are learning really quickly,positive
One of Pewd manga is BLAME right No dialogue with just details panel,negative
yo pewdiepie why dont u ai generate your art and then ai generate the story and then ai generate the script for this video too bro saves you a ton of time and also wastes so much water and also you can probably end your career pretty cool ngl,positive
yo pre dueie bro what is your story wwhat are you writeing aboput bro i would like ton know so i can copy you get tro market earlier than you and profit off your idea without giving you any credit bro please respond to me ASAP buiddy,positive
Hey Pewds when you release your manga for sale just know I have a higher chance in investing in your product than Coryxkenshins manga since youre still present on YouTube  I personally dont see you as someone wholl let down your fans is my point I look forward to it,positive
I remember him playing minecraft good old days,positive
I want a full running series of this manga someday  Making manga aint no easy feat,negative
i finally feel valid for my a thousand mental breakdowns as an artist holy shit he gets it lmao,positive
"This motivates me to continue work on mine 
Thanks PewDiePie",positive
i know you really love nihei manga but your manga art style literally look like Tower Dungeon ,positive
The handdrawn Saily add is so precious what the heck ,positive
" dilly dally
dilly daddle 


lol never heard it before but 100 will start saying it",positive
this is surprisingly so good wow,positive
Please publish it,positive
cant buy it ,neutral
Hey Felix Honest question where do you get all of the motivation inspiration and strength to do all of the stuff that you do It feels like you are constantly doing something new and to a great extent,positive
You should self publish it,neutral
I really enjoyed seeing this its amazing and you should keep making more manga and storys and just have fun  you are inspiring me to pick up and keep creating my comic thank you,positive
I think I read too much manga to appreciate this,positive
This story is sad ,negative
i like the elden ring reference it still shows that pewds still have elden ring in his heart HAHAHA,positive
I can see the Tsutomu Nihei inspiration lvsm,positive
Pewds your art is great,positive
its ok felix as an artist i can tell you horses are awful to draw horse artists are built different,negative
How is this guy losing subscribers Hes pretty okayI think hes not badbro smilies is just him crying on the inside,negative
A Wise Fujimoto Tatsuki and The Manga Creators Says Make Your Own,positive
You could cut most of that,negative
I always talk about how paper matters he is right ,neutral
You should try working for oda you masterfully replicated one piece pacing,neutral
Seeing Pewds Draw gives me all the strength to conquer the fundamentals,positive
Im begging release chapter 2 into switch of poopdie ,neutral
Bjorn could be a natural polyglot before he even gets to high school thats crazy Japanese from his environment English from his parentsschool Swedish from dad Italian from mum,neutral
How tf do you not have 3 billion subs yet,neutral
"Inspirational project You learned heaps for the next manga project what paper to use and which pens im sure the next one will go a little bit smoother  Hopefully the next one isnt too far away  

What about announcing a story theme or single photo reference as a vibe and challenge your viewerscommunity to do a 1 or 2 page manga story inspired by the theme or image and showcase some of them all levels of talent which tells a cool short story in one page that are submitted on Reddit or whatever the community congregates online  This could be an idea to do every few months  Just an idea",positive
That was really good I am an avidamga reader You should be proud well done peweds,positive
I can see some Tsutomu Nihei in your art style,neutral
if you cant like your own story then why would you expect others to,negative
Will this be published,neutral
"Ah you doubt your ability as an artist  Welcome to being an artist
Its beautiful dude put it to print even as a limited run youll sell every copy",positive
"pewds hello I am in a car 

I related to that",neutral
1524 NEVER EVER SAY YOU WONT BE THAT GOOD Thats what is holding you back If you dont believe in yourself you WONT Change that mindset,negative
This man is Lifemaxxing,neutral
You must watch markcrilley  I spent hours and hours watching his manga tutorials He has more than 10 years of content and he keeps uploading stuff His stuff is pure gold at least for beginners,neutral
this was a great and insightful video I loved it,positive
Great tips thanks for sharing,positive
Remembered about Sven reading the manga,neutral
Bro aint doing any side quests anymore Hes doing WHOLE DLCs,neutral
it would be cool if from the stripes of the big tiger in the water the little black cat emerged as in rrn or something that was really cool and great work,positive
This was exactly what I needed thanks,positive
857 this angle makes pewds look soooo much like his dad now,positive
You have always been a story teller  the minecraft playthrough with the council of sheep and the dog sven was epic I cant wait wait to read my first manga when you finish,neutral
1055 that look at the camera is killing me,negative
As a kid I I saw others watching pewdiepie it was just not my niche but its random as hell to see bro turned Japanese,negative
making a manga is a waste of time and money but its worth it I dont make manga but I do have ideas my brother does Also good job PewDiePie,positive
top 5 lives of all time ,positive
2659 Happy Forest Cat and a Mountain Now where have I heard THAT before,positive
If I had to give advice as a creative it would be Try hard things and put out bad content Because the more you fully go through the process of creating a complete work of art the more you can push yourself to refine along the way instead of just hitting a road bump and never finishing anything,positive
"this is so cool been watching since amnesia
this made me tear up bro ggs",positive
You should submit this to Peow2 to publish Or glacier bay,neutral
Wow The art is great The story was simple but still compelling and sad You should keep going making art cuz it looks so wonderful already And actually the blank faces isnt a bad choice,positive
very epic keep up the good work pewd very inspiring to see ur journey and growth as an artist,positive
DO IT AGAIN,neutral
Been following you for a while my first commentyour awesome pewds bro Love to you and yours,positive
319 I usually draw out the manga page layout in the storyboarding faze that way if I dont like how the flow is then its easier to erase and redo It basically ends up looking like a bunch of tiny manga pages next to each other It helps a lot with seeing how each page will flow with each other as well I wish I could include a picture but I hope my explanation is good enough I find that this method helps me more also looking at different manga and how they have paneled their pages help in order to make your paneling more interesting,positive
Thank you for this video very enlightening,positive
You never fail to amaze me felix,neutral
This was exactly what I needed thanks,positive
I would buy this tbh,neutral
looks like whiterun landscape,positive
whats next I wonder maybe hell reinvent the wheel,negative
"Hey Felix I just wanted to say a huge thank you Ive been watching you for over 14 years and Im 28 now  its crazy to think how much youve influenced my life 
Your recommendations got me into anime and I even read Blame all the way through  I bought every printed volume back when the translation first came out im my country Its cool to see that you drew manga inspired by our somewhat similar experiences of reading it  It looking daaaaamn good tho Im loving it
Because of you I also started climbing That brought me a lot of new friends and healthiness into my life And honestly your content make me want that same kind of happiness someday  loving family and a kid Haha Thank you so much Felix Im really glad I got to grow up with you Youve genuinely inspired me in so many ways",positive
Really appreciate the insights in this video,positive
Tower dungeon inspired Love the story,positive
That was really well done I thought the manga turned out really well and the story telling was really good,positive
this guy is living my dream,positive
Pewdiepie must be the main character of this world,neutral
Japanese citizens I see,neutral
Bro I felt this manga It held so much emotion,neutral
I fucking love Ragnarok Your next challenge is make this internet great again do a online game Thank you so much,positive
the idea of strips in the water off the tiger is very powerful thanks for creating something,positive
Congrats Felix This looks amazing Thanks for showing us the story,positive
Felix has completed the last stage of his Japanese citizen naturalization,neutral
Being rich gives you the luxury of being bored and in result finding interests and being creative,positive
This is CRAZY impressive The detail on the tiger and the scenery is phenomenal Amazing job,positive
Fantastic video really appreciate your effort,positive
BUT WHAT DOES IT ALL MEAAANNNN,neutral
I need to see you and Spilled Ink collab immediately,neutral
Im starting to think you are not a real person because I was just think about doing the same things like same time wtf,negative
Ive been drawing my own comics for years and relate so much to what youre saying,neutral
Excelent reflextion of failure nice manga ,negative
Love the background HTTDPirate of Caribbean vibe,positive
I built a Balsa wood plane for my newborn sons bedroom to hang from the ceiling Was supposed to take a few weeks took a few months Weve all been there hahahha,neutral
"Im reading the end as Hes the big one now Whatever this shall mean  I actually think its a great idea to let the reader make up his own story 
And thanks for also sharing your struggles along the way I almost hate that I can relate so much 
The Im aware of it and I feel it so I hope I can break through is probably what Im taking with me from this video  well at least giving it my best to do so 

I dont have to throw away work thats 90 there  its probably an illusion that its complete bull when Im aware and I feel it I can find a way to handle it

Thank you ",positive
Poor boy has griffith as antagonist ,negative
Your journey has been incredibly inspiring Felix,positive
Amazing content as always,positive
Bro loved drawing so much,positive
"Felix the character arc Im delighted to see is YOURS Im Swedish so what do I know but Im feeling like your mindset is Japanese  Love all the feelings youre going through 
You did an amazing job on the manga congrats",positive
Thanks for sharing this learned a lot,positive
i got invested in the process and in the story aswell great job good to watch you just do things for 15 years,positive
from the learning to draw in 100 days vid to this you can really see the improvement,positive
WAIT SO THE LORE FOR THE RED PEWDIEPIE STRIPES IS THAT ITS DEAD TIGER BLOOD Thats awful  ,negative
First time when i see this youtuber but i already like his channel,positive
This was very informative appreciate it,positive
you should try and do mokuhanga japanese printmaking that would be sick,negative
An art YouTuber named Viyuara made a fanart based on your manga,neutral
Are u reading Tower Dungeon thats my new favorite from Nihei,positive
I didnt know Bjrn was starting to speak japanese lolThats good though,positive
Not trying to be extra but the way the tigers lines flow through the river feels like some kind of magic thats going to be reincarnated again also looks like Felix chair,positive
PEWDS I WANT TO BUY THIS MANGA Please publish it,positive
ah the boy is true sweeddrawn to the flags color like a fish to water tho i am surprised he has legs,positive
Blame is also one of my favorite manga I think you did absolutely amazing for your first time I see the heavy influence of art work from blame I see the effort I love this Good job,positive
today this and tomorrow he learns to tower dive,neutral
2415 incredible looks great and reminds me of Tsutomu Nihei current manga TOWER DUNGEON,positive
please blur all future foot pics or drawings thank you,positive
You can tell hes gotten quite the accent,neutral
You shouldve published it anonymously then reveal its you anchoring it to you of course people will buy it ,neutral
Pew just won the life,positive
"This looks amazing Pewds 
Ive been drawing my whole life and I can relate to os many of your struggles xD to all of them probably lol 
Never tried to create a manga just some really short stories back then bc I get bored easily if I keep repeating the same characters xD But watching this kinda makes me wanna draw a manga too sometime hahah 

Yours look really beautiful I love everything 
Please make another one in the future xD 

Also the art shops there are a dream I wish I could buy my art supplies in Japan as well 

Brofist from Brazil",positive
I havent watched Pewds in awhile I forgot how absolutely goated his art work is,neutral
youre my biggest inspiration,positive
I used to make webcomics almost 20 years ago seeing this made me want to start back up again Great work Felix youre an inspiration,positive
Calvin and Hobbes reboot is fire,negative
This is inspirational ,positive
Loved this video keep up the great work,positive
Omg pewds you have made so much progress making a comic requires an incredible amount of dedication and shows how much passion you have for drawing As a prospective art professor I am so glad to watch this process,positive
inspiring passion for real,positive
Your videos are always so helpful thank you,positive
Pewd is so inspiring Amazing life you live Wow Wishing you more to come,positive
this is like that 1 asian guy that had 7 different specialized jobs and also being an army vet,positive
A very inspiring video Pewds Im a new dad myself and am trying to adjust my routine so I can keep making manga as a hobby Seeing your dedication care and artistic vision really made me want to create new things Thanks for that I look forward to seeing more of your work,positive
I wanna see this mans most recent sketchbook,neutral
my autism didnt really get it but i loved the art keep going,positive
this is so inspiring,positive
You need to burn a little bit the nib of the pen to get the oil off from it when you use ink,neutral
Hoe tf did he learn how to draw scenery so well,positive
I bet a studio approaches to make it an anime,neutral
Mate you understand now why comicmanga artist they do struggle during their path,negative
For the panels in the wrong order since they are the same size you can just swap them after you scan the pages,negative
"Bro asking questions in Japanese what a kid
YouTuber to manga artist an amazing carrier change",positive
Fantastic video really appreciate your effort,positive
would love to be able to own a copy of this,positive
i felt that ending man nice job,positive
I really appreciated calling out the part of yourself that gives up near the end I think I do that too and it makes me wanna do better,positive
Even though its not perfect you should scan this and upload somewhere I guarantee theres a lot of people watching who would love to be able to print their own copy or even just analyze the panelsstory closer than your recording going through the pages,positive
I didnt expect this incredible from PewDiePie ,neutral
Bro aint making peak sh like monsters we make,positive
Pewds Incogni Sailey Nord Security Group etc are all owned by the same parent company Theyre exactly the kind of big tech youve been moving against It might be worth looking into it a little Their parent group owns so much of the big tech especially the kind that sponsors YouTubers,positive
cool process super interesting but story is so lame D,negative
Can mangas not be drawn digitally I mean if the goal is to create a manga then it can be done digitally too right And itll fasttrack the process by a lot or are there specific rules regarding the medium used when it comes to mangas in general,positive
Pewds unlocked another life DLC,neutral
Plot twist its Calvin and Hobbs,neutral
Im loving the new side quest PewDiePie ,positive
If the world had his work ethic and drive te world would work fine,positive
Bro rushed the main quest and now hes doing random side objectives ,neutral
rip the tiger,neutral
When you lose you learn Pewds gets it ,negative
1016 The dog is back there emoting He used all the fortnite emotes that he could lol,positive
"Its so heart warming to see people invested and passionate about art

The widespread use of generative AI has worn down my passion for drawing because it feels pointless now Went into an art depression of sorts because of it This really inspires me 


This is AMAZING",positive
Hey Mr Failutre I think that youre kinda cool,positive
1522 I was about to recommend tsutomu nihei when you said there is no speech but here it goes xDD crosshatching is on an another difficulty level,negative
"Buy yourself a thunderstorm generator kit a 12kw petrol generator and a gas analyzer 
Fit the thunderstorm generator to the 12kw petrol generator and record what happens
This technology generates a self contained black hole",positive
this inspired me to make a vocoloid song and animation,positive
Amazing I Really love Pewds manga ,positive
His next video I tried to make an Anime,neutral
 the slow loss of sanity was hilarious and relateable lol I hope he finishes it,positive
WE all want a life like this,positive
anyone else think of the Kung Pow movie when he kept saying tiger tiger tiger,neutral
Thanks for sharing this learned a lot,positive
Loved this video keep up the great work,positive
Where can i buy this,neutral
The boy goes back to his hollow haven To never come back again I respect that,positive
"The tigers stripes leaking into the water like blood was so unique That one image alone was so insanely creative

I am curious about why the boy jumped on the tiger though as well as why there appears to be a tiny cat on his shoulder at the end",positive
Can You just give color to the boy and he tiger and when the tiger died the colors just fades away into the river I know its not traditional but it would have been cool,positive
"The tigers stripes flowing to the lake feels like its the tigers spirit leaving the body and returning to nature its kinda simple but immediately emotionally effective 
Very cool video pushing trough to the finish line with a project like this really is a massive accomplishment",positive
and he eats the boy at the end  imagine this ending lol,positive
Reminds me of Holy Diver by Dio Also a certain book by Evola Nice pewds,positive
yup the descent of an artist into madness is captured perfectly in this video,positive
So this guy built a AI while doing a Manga wow simply wow,positive
Missed oplrutibity not having the tigers blood dip into the river,negative
He couldnt resist adding his pewdiepie pattern lol,positive
The sound effects at the beginning of the Manga was epic lol,positive
I like how he didnt split this into ten different videos tho,positive
The fact that he lives in Japan is so weird,negative
I painfully relate with the note about how you sabatoge when your project isnt turning out the way you want I have to stop myself from this same thing all the time and it feels so relatable ,negative
Felix acting like he could write dialog even if he could lol,positive
this is legitimately incredibly well done please publish it i have watched you since the beginning and i would be honoured to own one of these,positive
"Keep working Pewds Yes it is hard but is Worth it

Theres nothing more wonderful than to create Thank you for the video",positive
This was very informative appreciate it,positive
Do it big Ive been doing each panel on its own sheet they can be put back together later onto the page,neutral
2252 180 head call the exorcist,neutral
Bjorn being an italianSwedish kid with english speaking parents living in Japan bro has like 20 languages by default,positive
Very beautiful and powerful art Loved it,positive
"he was the peak of an era
now reduce to a tiny mortal 
bcz he chose freedom",positive
i like that you can assume that the cat in the end can be the tiger after dies and he is made of his stripes or something,positive
I cant believe the manga made me cry ,negative
"Japanese 
Italian
English 
Swedish 

Teach that boy all the language",neutral
I loved the manga And I love your attitude towards the challenge Congratulations Im not a mangaka but I am a professional illustrator and I loved it  Your narration helped a lot,positive
you inspire me to try new things,positive
It aint worth it bruh its a stressful job Many artist dies because of it,negative
PewDiePie is a perfect example of perfect life,positive
Your life path is inspirational As an indie comic book and animation artist i know the amount of time and dedication in takes to make something like this Youre a great rolemodel for the youth Pewds,positive
best Saily AD ever LOL,positive
Bro is living the life Great to watch this hopfully I can pick up on thing for my visual novel,positive
We get it Felix youre having your 30s crisis but this is just not it,negative
This was exactly what I needed thanks,positive
u should isekai yourself into the filthy frank universe the manga,neutral
i would for real buy thisfirst time watching pewdiepie after a couple yearshe is a great dad,positive
The side quest king,neutral
you want the thinnest pen for details 136x0 RapidiographTechnical Pen you have to make a soul sacrifice but its worth it a strand of my hair is thicker than the lines it makes,positive
Bro is no longer completing side quests hes making them,negative
Pies way to learn is FGC  You have to get washed before you before you get clean,positive
great now do it with colour,positive
I know you are pewdiepie but buy Clipstudio paint and a Wacom display tablet  after few years it will be easy to draw manga traiditonally  but it can take a lot of time 10 to 15 years may be less depends Proud of you my friend you are an inspiration to us,positive
Thats it im doing my self a manga,neutral
These kinda vids make me draw my own manga but then i realize im pretty bad at sketching,negative
I can not fathom Bjrn one day watching the bridge clip  great vid pewds,positive
Please finish berserk,positive
We were trying to be youtuber while we were Artists Now a Top rated Youtuber trying to be an artist ,positive
I cried at the end man,negative
maybe someday you should draw a splash art i think it will be amazing,positive
First we got a CoryXKenshin manga now we get a PewDiePie one Its a dream come true,positive
"Pewdiepie the streamer 
Pewdiepie the mangaka 

Honestly never been a big fan of the streams but THISTHIS is beautiful I love this",positive
128 bro I can draw stick figures,neutral
NEVER say youll never be that good,negative
The boy looks like Kid Gojo and hunter kinda Griffith,positive
next video  Ill try to be the president of Japan,negative
"Comics teacher here this is a pretty amazing result from someone who started drawing seriously like a year ago There are some things that could be better but the base is very solid especially if you didnthave anyone giving you much feedbackcorrections Good vision over all And it sounds like a very cute story too

And that tiger is sexy as hell ",positive
"Man your manga have lots of qualitys the compositions are really beautiful the contrasts are impactful the characters and animals are lively and the story touches the heart
Ganbatte Pew",positive
He is actually a super cool person,positive
